City_ID,City,Cloudiness,Country,Date,Humidity,Lat,Lng,Max Temp,Wind Speed
0,palmer,90,AU,1565244548,93,-34.85,139.16,55.99,26.4
1,port elizabeth,1,US,1565244548,93,39.31,-74.98,72.0,5.41
2,hobart,75,AU,1565244460,65,-42.88,147.33,48.0,2.71
3,udachnyy,40,RU,1565244549,33,66.42,112.4,71.6,6.71
4,xiaoweizhai,34,CN,1565244549,82,26.23,107.51,79.66,3.65
5,albany,90,US,1565244549,83,42.65,-73.75,71.6,11.41
6,petrokamenskoye,100,RU,1565244550,73,57.72,60.65,53.92,12.44
7,honiara,40,SB,1565243965,74,-9.43,159.96,86.0,6.93
8,kapaa,75,US,1565244528,78,22.08,-159.32,84.2,4.7
9,jamestown,79,AU,1565244550,73,-33.21,138.6,49.6,25.57
10,altamont,1,CA,1565244551,67,49.4,-98.5,57.2,5.82
11,punta arenas,40,CL,1565244351,80,-53.16,-70.91,39.2,27.51
12,barrow,0,AR,1565244551,67,-38.31,-60.23,36.46,6.02
13,ushuaia,90,AR,1565244552,95,-54.81,-68.31,35.6,11.99
14,cairns,65,AU,1565243856,65,-16.92,145.77,80.6,4.7
15,esperance,75,AU,1565243954,100,-33.86,121.89,55.4,13.87
16,port alfred,0,ZA,1565244495,56,-33.59,26.89,57.0,8.01
17,new norfolk,75,AU,1565244552,65,-42.78,147.06,48.0,2.71
18,diego de almagro,38,CL,1565244553,97,-26.39,-70.05,41.68,3.98
19,klaksvik,51,FO,1565244553,76,62.23,-6.59,48.2,9.17
20,coos bay,90,US,1565244319,93,43.37,-124.22,62.01,4.38
21,kaitangata,100,NZ,1565244554,73,-46.28,169.85,51.01,4.0
22,kodiak,1,US,1565244555,94,39.95,-94.76,71.01,6.93
23,severo-kurilsk,100,RU,1565244555,95,50.68,156.12,49.06,11.81
24,bloomingdale,1,US,1565244555,73,41.96,-88.08,78.01,3.36
25,kruisfontein,27,ZA,1565244556,61,-34.0,24.73,49.96,18.12
26,inhambane,0,MZ,1565244556,100,-23.87,35.38,68.0,10.85
27,mataura,100,NZ,1565244556,92,-46.19,168.86,48.0,8.41
28,cacahuatepec,75,MX,1565244557,78,16.89,-99.61,82.4,3.36
29,puerto ayora,1,EC,1565244557,85,-0.74,-90.35,65.8,9.26
30,beringovskiy,86,RU,1565244557,70,63.05,179.32,58.24,8.37
31,lasa,0,CY,1565244557,55,34.92,32.53,86.0,4.7
32,nelson bay,0,AU,1565244558,26,-32.72,152.14,71.6,21.92
33,namatanai,0,PG,1565243974,72,-3.66,152.44,80.38,5.5
34,nikolskoye,0,RU,1565244558,82,59.7,30.79,62.01,4.47
35,acapulco,75,MX,1565244558,78,16.86,-99.88,82.4,3.36
36,bluff,17,AU,1565244559,23,-23.58,149.07,81.28,13.22
37,ustyuzhna,22,RU,1565244559,74,58.84,36.43,60.94,5.17
38,airai,2,TL,1565243993,63,-8.93,125.41,78.76,6.51
39,ughelli,100,NG,1565244560,92,5.49,6.0,74.44,3.62
40,bathsheba,40,BB,1565244560,88,13.22,-59.52,78.8,5.82
41,cape town,75,ZA,1565244367,100,-33.93,18.42,51.01,8.05
42,flinders,0,AU,1565243979,36,-34.58,150.85,63.0,29.97
43,rikitea,0,PF,1565244561,63,-23.12,-134.97,71.74,9.01
44,charters towers,11,AU,1565244244,27,-20.07,146.27,82.9,6.96
45,talcahuano,0,CL,1565244226,75,-36.72,-73.12,44.6,12.75
46,cidreira,21,BR,1565244561,76,-30.17,-50.22,65.8,4.83
47,carnarvon,0,ZA,1565244562,89,-30.97,22.13,33.22,6.46
48,kendari,4,ID,1565244562,52,-3.99,122.52,86.32,7.14
49,anadyr,75,RU,1565244027,82,64.73,177.51,55.4,17.9
50,tasiilaq,55,GL,1565244562,81,65.61,-37.64,42.8,1.32
51,ixtapa,40,MX,1565244563,88,20.71,-105.21,82.0,4.16
52,carlsbad,40,CZ,1565244511,87,50.23,12.87,62.01,5.82
53,bafata,82,GW,1565244563,96,12.17,-14.67,72.64,5.35
54,cherskiy,95,RU,1565244563,56,68.75,161.3,68.68,8.97
55,fare,14,PF,1565244254,82,-16.7,-151.02,78.4,18.28
56,bredasdorp,55,ZA,1565244564,76,-34.53,20.04,51.8,9.17
57,saint-joseph,20,FR,1565244564,83,43.56,6.97,75.2,4.7
58,bolshaya dzhalga,0,RU,1565244564,34,45.97,42.7,81.1,9.48
59,sao desiderio,0,BR,1565244565,68,-12.36,-44.97,57.52,4.36
60,xichang,66,CN,1565244565,51,27.88,102.25,75.88,5.28
61,quatre cocos,20,MU,1565243973,64,-20.21,57.76,75.99,9.17
62,alofi,100,NU,1565244566,88,-19.06,-169.92,75.2,17.22
63,srednekolymsk,60,RU,1565243989,45,67.46,153.71,71.2,7.54
64,thompson,75,CA,1565244566,93,55.74,-97.86,53.6,10.29
65,pangkalanbuun,100,ID,1565244566,43,-2.68,111.62,91.72,2.98
66,mar del plata,0,AR,1565244567,66,-46.43,-67.52,35.02,13.09
67,hermanus,53,ZA,1565244567,91,-34.42,19.24,48.99,16.64
68,novikovo,75,RU,1565244567,74,51.15,37.89,69.4,12.06
69,poum,0,MK,1565244183,72,41.28,20.71,66.2,1.12
70,cayenne,0,GF,1565244452,100,4.94,-52.33,75.2,3.91
71,lebu,40,ET,1565244568,82,8.96,38.73,60.8,4.7
72,luderitz,0,NA,1565244568,81,-26.65,15.16,53.6,12.75
73,guerrero negro,0,MX,1565244568,92,27.97,-114.04,65.62,15.3
74,merauke,19,ID,1565244228,89,-8.49,140.4,77.68,21.27
75,lakatoro,64,VU,1565244569,83,-16.11,167.42,80.2,18.52
76,ambilobe,1,MG,1565244158,47,-13.19,49.05,81.46,9.66
77,loandjili,90,CG,1565244570,94,-4.77,11.87,71.6,3.36
78,saint george,0,GR,1565244570,57,39.45,22.34,78.8,1.72
79,butaritari,38,KI,1565244570,75,3.07,172.79,85.24,17.78
80,taksimo,0,RU,1565244570,32,56.36,114.84,75.34,4.56
81,vaini,90,IN,1565244571,94,15.34,74.49,75.2,13.87
82,georgetown,20,GY,1565244504,100,6.8,-58.16,75.2,4.7
83,port lincoln,100,AU,1565244571,75,-34.72,135.86,56.8,44.2
84,saskylakh,52,RU,1565244571,66,71.97,114.09,60.94,8.25
85,jalu,0,LY,1565244572,51,29.03,21.55,75.7,9.17
86,hilo,20,US,1565244572,65,19.71,-155.08,79.0,3.36
87,les cayes,65,HT,1565244572,81,18.19,-73.75,82.72,13.29
88,grajewo,100,PL,1565244573,98,53.65,22.46,60.58,6.51
89,yulara,0,AU,1565244412,23,-25.24,130.99,64.4,5.82
90,kavaratti,100,IN,1565244573,79,10.57,72.64,83.26,25.32
91,biysk,33,RU,1565244573,48,52.54,85.21,80.56,2.53
92,hithadhoo,100,MV,1565244574,79,-0.6,73.08,83.62,15.79
93,chiavari,75,IT,1565244574,83,44.32,9.32,75.99,4.7
94,bambous virieux,20,MU,1565244574,64,-20.34,57.76,75.99,9.17
95,rocha,33,UY,1565243966,81,-34.48,-54.34,45.82,4.85
96,ponta do sol,0,BR,1565244575,88,-20.63,-46.0,58.24,3.96
97,vila velha,0,BR,1565244575,73,-3.71,-38.6,77.0,11.41
98,narsaq,97,GL,1565244575,81,60.91,-46.05,42.8,4.7
99,busselton,90,AU,1565244576,46,-33.64,115.35,62.01,14.94
100,haines junction,100,CA,1565244206,90,60.75,-137.51,49.6,4.85
101,grindavik,0,IS,1565244577,70,63.84,-22.43,46.4,18.34
102,kahului,40,US,1565244577,100,20.89,-156.47,78.01,8.05
103,rosetta,40,EG,1565244578,74,31.4,30.42,80.6,4.7
104,fukue,20,JP,1565244578,66,35.03,136.69,99.0,16.11
105,bom jesus,40,BR,1565244579,100,-5.99,-35.58,69.8,3.36
106,smithers,20,CA,1565243917,53,54.78,-127.17,71.6,6.93
107,coracora,0,PE,1565244579,51,-15.02,-73.78,42.4,2.44
108,rawson,0,AR,1565243999,57,-43.3,-65.11,38.44,9.8
109,komsomolskiy,35,RU,1565243996,71,67.55,63.78,52.84,17.67
110,kashan,0,IR,1565244580,26,33.99,51.44,91.4,9.17
111,umm kaddadah,27,SD,1565244580,65,13.6,26.69,80.02,13.18
112,hornepayne,69,CA,1565244580,94,49.22,-84.78,53.74,5.97
113,puro,100,PH,1565244581,79,13.13,123.76,83.26,19.46
114,beloha,0,MG,1565244581,21,-25.17,45.06,77.5,12.21
115,denpasar,20,ID,1565244581,74,-8.65,115.22,82.4,14.99
116,hofn,2,IS,1565244219,81,64.25,-15.21,31.96,12.5
117,torbay,90,CA,1565243982,100,47.66,-52.73,55.99,5.82
118,san quintin,100,PH,1565244222,93,17.54,120.52,76.96,24.61
119,aras,20,ES,1565244582,72,42.56,-2.36,72.0,11.41
120,arraial do cabo,2,BR,1565244583,91,-22.97,-42.02,66.16,14.5
121,castro,40,CL,1565244583,93,-42.48,-73.76,35.6,5.82
122,atuona,0,PF,1565244583,77,-9.8,-139.03,80.02,21.14
123,wonthaggi,37,AU,1565244584,66,-38.6,145.59,55.0,14.52
124,dikson,100,RU,1565244584,86,73.51,80.55,48.88,13.71
125,faanui,25,PF,1565244584,80,-16.48,-151.75,79.12,18.97
126,hay river,90,CA,1565244272,87,60.82,-115.79,53.6,2.24
127,seoul,20,KR,1565244381,70,37.57,126.98,91.4,2.24
128,longyearbyen,75,NO,1565244585,65,78.22,15.63,46.4,6.93
129,harper,1,US,1565244195,69,30.3,-99.24,82.4,5.82
130,namibe,1,AO,1565244017,78,-15.19,12.15,64.18,5.66
131,salalah,90,OM,1565244586,94,17.01,54.1,78.8,6.93
132,dortyol,0,TR,1565244494,61,36.86,36.23,82.0,12.75
133,mandiana,25,GN,1565244586,98,10.62,-8.7,68.68,4.85
134,hebi,82,CN,1565244587,46,35.75,114.29,91.0,7.92
135,sechura,37,PE,1565244587,85,-5.56,-80.82,62.56,13.71
136,olinda,40,AU,1565244588,53,-37.84,145.39,55.0,17.22
137,whitehorse,75,CA,1565244588,58,60.72,-135.06,59.0,9.17
138,boden,0,SE,1565244588,87,65.83,21.69,55.4,5.82
139,hirara,75,JP,1565244588,88,24.8,125.28,84.2,34.45
140,clyde river,90,CA,1565244589,100,70.47,-68.59,41.0,2.24
141,nara,40,JP,1565244589,66,34.68,135.8,99.0,17.22
142,santa maria,0,BR,1565244571,82,-16.02,-48.01,55.4,1.12
143,khash,0,IR,1565244589,13,28.22,61.21,85.78,10.69
144,naze,100,NG,1565244590,92,5.43,7.07,73.54,4.07
145,brae,40,GB,1565244590,87,60.4,-1.35,55.4,14.99
146,karratha,0,AU,1565243995,14,-20.74,116.85,80.38,8.05
147,tuktoyaktuk,90,CA,1565244590,86,69.44,-133.03,39.2,13.87
148,miracema do tocantins,2,BR,1565244591,53,-9.56,-48.4,71.2,5.5
149,yaransk,2,RU,1565244591,65,57.3,47.88,59.14,5.86
150,ateli,82,IN,1565244591,45,28.1,76.28,95.32,11.14
151,breytovo,13,RU,1565244592,74,58.3,37.86,60.76,6.85
152,beyneu,33,KZ,1565244592,28,45.32,55.19,82.36,7.87
153,ozernovskiy,100,RU,1565244592,92,51.5,156.52,49.6,3.6
154,phuket,40,TH,1565244593,66,7.89,98.4,87.8,14.99
155,rorvik,90,NO,1565244145,100,64.86,11.24,55.4,1.12
156,kanniyakumari,100,IN,1565244593,84,8.08,77.57,78.94,25.12
157,finnsnes,40,NO,1565244594,58,69.23,17.98,53.6,19.46
158,alihe,100,CN,1565244594,72,50.57,123.73,67.42,1.74
159,yellowknife,40,CA,1565244417,71,62.45,-114.38,51.8,8.05
160,dawlatabad,0,AF,1565244595,10,36.41,64.91,96.04,16.04
161,luganville,75,VU,1565244595,83,-15.51,167.18,80.6,4.7
162,bethel,90,US,1565244595,87,60.79,-161.76,62.6,6.93
163,cururupu,43,BR,1565244595,98,-1.82,-44.87,71.2,1.36
164,ribeira grande,20,PT,1565244596,77,38.52,-28.7,68.0,10.29
165,kalemie,5,CD,1565244596,39,-5.95,29.2,73.72,10.27
166,vostok,100,RU,1565244596,89,46.45,135.83,73.18,2.95
167,galesong,20,ID,1565244597,43,-5.32,119.37,91.4,12.75
168,vardo,1,US,1565244597,83,39.62,-77.74,70.0,3.36
169,trebinje,0,HR,1565244597,44,42.71,18.35,77.0,5.82
170,vestmanna,50,FO,1565244597,76,62.16,-7.17,48.2,9.17
171,maicao,80,CO,1565244598,88,11.38,-72.24,76.06,4.45
172,cukai,75,MY,1565244598,74,4.25,103.42,91.4,9.17
173,fenoarivo,0,MG,1565244598,41,-18.93,47.44,57.2,9.17
174,provideniya,75,RU,1565244599,87,64.42,-173.23,51.8,13.42
175,college,20,US,1565244599,82,64.86,-147.8,64.4,3.36
176,galle,100,GN,1565244599,98,10.08,-12.83,69.22,2.55
177,gori,38,GE,1565244600,37,41.99,44.11,74.8,12.95
178,atambua,0,ID,1565244600,78,-9.11,124.89,77.32,15.82
179,pirenopolis,0,BR,1565244600,67,-15.85,-48.96,59.0,4.7
180,chuy,38,UY,1565244601,81,-33.69,-53.46,53.74,9.31
181,east london,0,ZA,1565244601,62,-33.02,27.91,53.6,9.17
182,urusha,0,RU,1565244603,27,54.05,122.9,83.98,3.09
183,qaanaaq,100,GL,1565244603,84,77.48,-69.36,43.12,6.55
184,cabo san lucas,40,MX,1565244423,65,22.89,-109.91,82.4,7.72
185,tacoronte,20,ES,1565244604,93,28.48,-16.41,71.6,5.82
186,tura,90,RU,1565244604,40,64.27,100.22,79.12,10.36
187,constitucion,18,MX,1565244604,72,23.99,-104.67,68.0,10.0
188,sitka,72,US,1565244605,69,37.17,-99.65,80.01,8.01
189,chavinda,95,MX,1565244605,95,20.01,-102.46,60.76,3.29
190,half moon bay,1,US,1565244606,72,37.46,-122.43,62.6,8.97
191,carmo,12,BR,1565244606,97,-21.93,-42.61,58.42,1.68
192,road town,20,VG,1565244342,83,18.42,-64.62,81.0,3.36
193,obo,33,CF,1565244606,92,5.39,26.49,70.66,3.31
194,palmerston,20,AU,1565244607,51,-12.49,130.99,88.0,9.17
195,sistranda,75,NO,1565244162,93,63.73,8.83,57.99,10.29
196,maple creek,0,CA,1565244607,53,49.91,-109.46,61.66,8.34
197,el bagre,61,CO,1565244607,98,7.6,-74.8,73.18,1.54
198,batemans bay,22,AU,1565244608,72,-35.71,150.18,63.0,8.99
199,baykit,64,RU,1565244212,22,61.68,96.39,81.1,11.77
200,preobrazheniye,95,RU,1565244608,74,42.9,133.91,74.44,4.76
201,thinadhoo,100,MV,1565243984,78,0.53,72.93,83.62,14.67
202,grand gaube,20,MU,1565244609,64,-20.01,57.66,75.99,9.17
203,sao paulo de olivenca,67,BR,1565244609,71,-3.38,-68.87,73.0,1.79
204,farafangana,0,MG,1565244609,72,-22.82,47.83,68.5,2.55
205,bereda,75,ES,1565244609,83,43.27,-7.54,73.99,6.93
206,adrar,0,DZ,1565244610,13,27.87,-0.29,98.6,5.82
207,yar-sale,100,RU,1565244610,81,66.83,70.83,55.0,13.13
208,victoria,75,BN,1565244610,66,5.28,115.24,87.8,10.29
209,fairbanks,20,US,1565244611,82,64.84,-147.72,62.6,3.36
210,pevek,61,RU,1565244611,96,69.7,170.27,42.22,17.92
211,perth,75,AU,1565244611,72,-31.95,115.86,60.01,3.36
212,pitimbu,20,BR,1565244611,100,-7.47,-34.81,68.0,4.7
213,atyrau,0,KZ,1565244612,33,47.1,51.92,77.0,4.47
214,atar,0,MR,1565244612,44,20.52,-13.05,83.08,5.21
215,grand-lahou,48,CI,1565244612,99,5.24,-5.0,69.4,2.19
216,sur,89,OM,1565244395,28,22.57,59.53,98.92,3.4
217,cap malheureux,20,MU,1565244613,64,-19.98,57.61,75.99,9.17
218,buarcos,90,PT,1565244613,100,40.16,-8.88,71.6,5.82
219,alice springs,0,AU,1565244614,29,-23.7,133.88,66.2,9.17
220,carauari,66,BR,1565244614,66,-4.88,-66.9,74.62,0.4
221,saldanha,79,PT,1565244614,77,41.42,-6.55,63.28,2.59
222,itarare,0,BR,1565244615,93,-24.11,-49.33,64.0,1.01
223,igrim,98,RU,1565244615,92,63.19,64.42,51.04,8.72
224,leningradskiy,38,RU,1565244615,88,69.38,178.42,43.66,5.95
225,ayan,0,IR,1565244616,40,38.23,44.7,71.6,6.93
226,el alto,0,BO,1565244616,86,-16.5,-68.19,28.4,4.7
227,port hedland,0,AU,1565244616,16,-20.31,118.58,78.8,10.29
228,florence,40,US,1565244347,88,34.2,-79.77,80.6,6.93
229,saint-philippe,90,CA,1565244617,100,45.36,-73.48,71.6,3.36
230,avarua,100,CK,1565244463,100,-21.21,-159.78,71.6,2.24
231,port hardy,90,CA,1565244617,93,50.7,-127.42,55.4,7.29
232,high level,90,CA,1565244618,76,58.52,-117.13,57.2,8.05
233,pangnirtung,81,CA,1565244618,80,66.15,-65.72,44.56,1.86
234,macia,0,MZ,1565244618,37,-25.03,33.09,73.9,11.79
235,bilibino,74,RU,1565244618,47,68.06,166.44,67.06,2.33
236,vicksburg,1,US,1565244619,100,32.35,-90.88,80.6,7.61
237,capreol,40,CA,1565244619,77,46.71,-80.92,64.4,2.24
238,mahebourg,20,MU,1565244619,64,-20.41,57.7,75.99,9.17
239,birin,100,NP,1565244620,89,26.89,88.07,66.34,7.49
240,mitsamiouli,20,KM,1565244620,61,-11.38,43.28,77.0,3.36
241,kaduqli,100,SD,1565244620,90,11.01,29.72,73.36,4.45
242,zhanakorgan,0,KZ,1565244621,15,43.91,67.25,89.38,25.1
243,nanortalik,93,GL,1565244621,98,60.14,-45.24,39.7,2.08
244,dunedin,100,NZ,1565244463,55,-45.87,170.5,54.0,1.99
245,prince rupert,90,CA,1565244622,100,54.32,-130.32,53.6,4.7
246,yumen,1,CN,1565244622,17,40.29,97.04,87.4,17.13
247,khatanga,39,RU,1565244622,43,71.98,102.47,73.0,11.56
248,athabasca,90,CA,1565244399,76,54.72,-113.29,51.58,2.26
249,chinchani,90,IN,1565244623,94,16.42,74.53,73.4,13.87
250,garowe,57,SO,1565244623,49,8.41,48.48,81.82,26.98
251,westport,75,US,1565244623,100,41.14,-73.36,70.0,2.24
252,asmara,25,ER,1565244624,69,15.34,38.93,74.44,3.36
253,ostrovnoy,100,RU,1565244624,91,68.05,39.51,45.82,11.3
254,ilulissat,2,GL,1565244624,93,69.22,-51.1,41.0,9.44
255,nurota,0,UZ,1565244625,14,40.56,65.69,89.6,25.28
256,kerikeri,89,NZ,1565244625,83,-35.23,173.95,57.99,7.0
257,nanakuli,75,US,1565244625,74,21.39,-158.15,82.4,3.18
258,gimli,32,CA,1565244362,67,50.63,-96.99,55.99,11.56
259,predivinsk,20,RU,1565244626,40,57.07,93.44,82.18,5.73
260,vao,27,EE,1565244626,85,59.1,26.19,60.58,3.83
261,sungaipenuh,99,ID,1565244626,57,-2.08,101.38,86.68,5.06
262,zhigansk,89,RU,1565244627,59,66.77,123.37,65.26,9.69
263,sorland,40,NO,1565244627,87,67.67,12.69,55.4,10.29
264,pak thong chai,75,TH,1565244627,59,14.73,102.02,91.0,9.17
265,te anau,100,NZ,1565244627,93,-45.41,167.72,39.88,6.78
266,juxtlahuaca,100,MX,1565244628,95,17.43,-99.15,60.94,4.41
267,codrington,24,AU,1565244628,22,-28.95,153.24,78.8,13.87
268,bubaque,94,GW,1565244629,83,11.28,-15.83,77.86,10.92
269,palana,100,RU,1565244629,79,59.08,159.95,52.84,13.35
270,kizlyar,6,RU,1565244598,28,43.84,46.71,82.54,11.3
271,ketchikan,90,US,1565244629,100,55.34,-131.65,57.2,13.87
272,tuatapere,100,NZ,1565244630,92,-46.13,167.69,48.0,21.45
273,turayf,0,SA,1565244630,64,31.68,38.65,73.4,6.93
274,inuvik,90,CA,1565244630,81,68.36,-133.71,42.8,5.82
275,cascais,90,PT,1565244630,100,38.7,-9.42,73.0,6.93
276,ossipee,14,US,1565244631,83,36.17,-79.51,73.4,3.98
277,cervo,0,BR,1565244631,87,-22.19,-46.24,57.7,5.73
278,tromso,0,NO,1565244631,76,69.65,18.96,53.6,16.11
279,hambantota,75,LK,1565244568,83,6.12,81.12,82.4,11.41
280,tottori,40,JP,1565244632,70,35.5,134.23,93.2,6.93
281,santa marta,75,CO,1565244632,88,11.24,-74.21,82.4,9.17
282,kurumkan,82,RU,1565244632,31,54.33,110.32,68.86,3.49
283,okhotsk,21,RU,1565244633,67,59.36,143.24,61.48,13.8
284,broome,0,GB,1565244633,87,52.47,1.45,62.01,10.29
285,panama city,75,US,1565244633,83,30.16,-85.65,84.2,9.17
286,kununurra,20,AU,1565244634,18,-15.77,128.74,89.6,10.29
287,wewak,79,PG,1565244634,69,-3.55,143.63,83.98,7.11
288,geraldton,40,CA,1565244634,76,49.72,-86.95,55.4,4.7
289,saverne,0,FR,1565244635,93,48.74,7.36,66.0,2.24
290,jiuquan,7,CN,1565244635,17,39.73,98.49,83.8,19.28
291,tiksi,97,RU,1565244635,90,71.64,128.87,53.02,5.82
292,paita,26,PE,1565244635,88,-5.09,-81.11,62.74,17.22
293,persan,0,FR,1565244636,93,49.15,2.27,64.99,2.06
294,oranjemund,0,ZA,1565244636,83,-28.55,16.43,55.0,10.47
295,enterprise,40,US,1565244636,42,36.05,-115.22,84.2,4.7
296,touros,40,BR,1565244637,100,-5.2,-35.46,69.8,3.36
297,maralal,74,KE,1565244637,69,1.1,36.7,67.78,8.59
298,waipawa,69,NZ,1565244637,82,-39.94,176.59,51.01,7.0
299,hervey bay,40,AU,1565244637,57,-25.3,152.85,77.0,12.75
300,bestobe,14,KZ,1565244638,32,52.5,73.1,73.54,12.17
301,corrales,2,CO,1565244638,94,5.83,-72.84,43.48,5.06
302,lompoc,90,US,1565244639,87,34.64,-120.46,60.01,9.17
303,pahrump,20,US,1565244639,36,36.21,-115.98,84.0,16.11
304,coquimbo,90,CL,1565244639,76,-29.95,-71.34,50.0,4.7
305,panaba,13,MX,1565244639,83,21.28,-88.27,78.76,6.15
306,matara,36,BI,1565244640,52,-3.48,29.48,62.02,2.46
307,ventspils,0,LV,1565244640,100,57.39,21.56,57.2,1.12
308,kichera,77,RU,1565244640,33,55.93,110.1,73.36,6.04
309,guthrie,1,US,1565244641,78,35.88,-97.43,90.0,3.36
310,boyolangu,62,ID,1565244641,56,-8.09,111.9,81.1,8.95
311,urucara,30,BR,1565244642,82,-2.54,-57.76,73.0,2.51
312,irbeyskoye,71,RU,1565244642,46,55.64,95.45,79.48,3.0
313,souillac,0,FR,1565244642,88,45.6,-0.6,68.0,3.36
314,christchurch,37,NZ,1565244643,43,-43.53,172.64,55.4,3.36
315,san patricio,45,PY,1565244643,71,-26.98,-56.83,70.12,7.58
316,vanavara,1,RU,1565244643,26,60.35,102.28,85.06,7.7
317,pandan,100,PH,1565244643,75,11.72,122.09,84.16,29.75
318,balassagyarmat,40,HU,1565244644,88,48.08,19.29,72.0,4.7
319,aksu,0,KZ,1565244601,24,52.04,76.93,78.8,11.18
320,lata,98,IN,1565244644,74,30.78,78.62,56.08,8.7
321,taree,15,AU,1565244644,24,-31.91,152.46,71.6,17.22
322,vestmannaeyjar,2,IS,1565244645,75,63.44,-20.27,47.8,13.38
323,norman wells,40,CA,1565244645,81,65.28,-126.83,44.6,4.7
324,laguna,75,BZ,1565244645,94,16.17,-88.94,78.8,1.14
325,muros,75,ES,1565244646,100,42.77,-9.06,71.01,11.41
326,alta floresta,61,BR,1565244646,47,-9.87,-56.08,69.22,3.67
327,aklavik,90,CA,1565244646,81,68.22,-135.01,42.8,5.82
328,kavieng,0,PG,1565244647,74,-2.57,150.8,83.08,11.25
329,quesnel,1,CA,1565244387,82,52.98,-122.49,64.4,2.06
330,narimanov,0,RU,1565244647,27,46.69,47.85,78.8,6.71
331,tabuk,100,PH,1565244647,78,17.41,121.44,75.34,6.87
332,emba,0,CY,1565244648,55,34.81,32.42,86.0,4.7
333,shingu,75,JP,1565244648,79,33.72,135.99,84.2,9.17
334,bol,43,TD,1565244648,81,13.47,14.72,78.4,19.17
335,marrakesh,0,MA,1565244649,47,31.63,-7.99,77.0,3.36
336,bowen,75,AU,1565244649,51,-20.01,148.25,84.2,13.87
337,shahr-e babak,0,IR,1565244649,9,30.12,55.12,88.12,9.42
338,katsuura,40,JP,1565244650,79,33.93,134.5,87.8,19.46
339,faya,0,SA,1565244650,64,18.39,42.45,73.4,4.36
340,iranshahr,0,IR,1565244650,17,27.21,60.69,100.4,16.11
341,kysyl-syr,99,RU,1565244651,37,63.9,122.77,73.36,6.71
342,vila franca do campo,20,PT,1565244651,77,37.72,-25.43,66.2,8.05
343,kyzyl-suu,0,KG,1565244651,42,42.34,78.0,71.92,2.73
344,ios,0,GR,1565244651,69,36.73,25.28,79.0,9.17
345,ouargaye,47,BF,1565244652,89,11.5,0.06,73.72,6.89
346,ancud,40,CL,1565244652,93,-41.87,-73.83,35.6,5.82
347,wuxi,72,CN,1565244652,56,31.58,120.3,98.01,1.99
348,margate,75,AU,1565244653,65,-43.03,147.26,48.0,2.71
349,port augusta,90,AU,1565244653,55,-32.49,137.76,60.8,23.04
350,anloga,20,GH,1565244653,88,5.79,0.9,75.2,13.87
351,princeton,90,US,1565244654,100,40.35,-74.66,69.8,3.36
352,sola,19,TZ,1565244654,49,-3.17,33.8,73.36,6.02
353,iqaluit,90,CA,1565244654,100,63.75,-68.52,41.0,10.11
354,taltal,29,CL,1565244654,93,-25.41,-70.49,43.84,2.24
355,mold,20,GB,1565244655,93,53.17,-3.14,61.0,3.36
356,hasaki,20,JP,1565244655,56,35.73,140.83,100.0,10.29
357,jumla,97,NP,1565244655,50,29.28,82.18,74.08,6.64
358,mahajanga,0,MG,1565244656,56,-15.72,46.32,73.4,6.93
359,chupa,0,PE,1565244656,36,-15.11,-69.99,33.4,3.0
360,waitati,100,NZ,1565244656,57,-45.75,170.57,53.01,1.99
361,evensk,97,RU,1565244657,54,61.92,159.24,63.1,4.03
362,leh,0,IN,1565244657,31,34.16,77.58,54.46,5.17
363,lagoa,0,PT,1565244657,88,37.14,-8.45,69.01,6.93
364,ritini,0,GR,1565244657,61,40.29,22.29,82.0,0.47
365,marsh harbour,20,BS,1565244658,80,26.54,-77.06,83.98,14.88
366,champerico,40,MX,1565244658,83,16.38,-93.6,78.8,4.7
367,halmstad,20,SE,1565244659,82,56.67,12.86,64.99,9.17
368,antropovo,0,RU,1565244659,77,55.25,37.65,68.0,8.95
369,belaya gora,16,RU,1565244659,34,68.54,146.19,74.26,8.21
370,chokurdakh,21,RU,1565244660,48,70.62,147.9,67.6,14.03
371,srivardhan,99,IN,1565244660,82,18.03,73.02,82.18,22.86
372,agirish,93,RU,1565244660,86,61.92,63.02,51.4,7.61
373,amapa,75,HN,1565244660,88,15.09,-87.97,80.6,5.82
374,lazaro cardenas,46,MX,1565244661,71,28.39,-105.62,75.0,5.01
375,portlethen,90,GB,1565244661,93,57.05,-2.13,57.2,13.87
376,marzuq,23,YE,1565244661,25,14.4,46.47,86.68,6.13
377,itaituba,0,BR,1565244662,65,-4.26,-55.99,71.74,1.83
378,longonjo,75,AO,1565244662,82,-12.91,15.25,59.0,2.24
379,sao joao da barra,47,BR,1565244662,94,-21.64,-41.05,63.28,1.21
380,tateyama,40,JP,1565244662,50,36.66,137.31,95.0,10.29
381,aguimes,20,ES,1565244663,78,27.91,-15.45,71.6,12.75
382,port blair,78,IN,1565244663,80,11.67,92.75,83.44,25.66
383,the valley,40,AI,1565244459,83,18.22,-63.06,82.4,9.17
384,labuhan,85,ID,1565244663,38,-2.54,115.51,92.98,4.0
385,moerai,100,PF,1565244664,80,-22.43,-151.33,72.28,12.26
386,pasni,19,PK,1565244664,53,25.26,63.48,91.18,4.9
387,san cristobal,91,HN,1565244664,93,14.68,-86.92,66.88,4.09
388,vyazma,74,RU,1565244665,82,55.21,34.3,64.0,3.06
389,yablonovo,71,RU,1565244665,73,50.85,37.36,69.8,13.42
390,kiama,0,AU,1565244665,36,-34.67,150.86,62.01,29.97
391,port-gentil,75,GA,1565244666,88,-0.72,8.78,73.4,11.41
392,sawtell,75,AU,1565244666,45,-30.38,153.1,73.99,19.46
393,mookane,0,BW,1565244666,39,-23.68,26.66,61.84,3.49
394,banjar,68,ID,1565244666,58,-7.37,108.54,82.18,9.33
395,taichung,75,TW,1565244667,70,24.16,120.65,95.0,24.16
396,semikarakorsk,0,RU,1565244667,60,47.52,40.81,71.6,2.24
397,thesprotikon,0,GR,1565244667,74,39.25,20.78,78.8,3.36
398,praia da vitoria,40,PT,1565244668,64,38.73,-27.07,68.0,21.74
399,bahir dar,88,ET,1565244668,81,11.59,37.39,63.82,4.54
400,warmbad,40,DE,1565244668,87,50.67,13.08,66.0,5.82
401,matinha,56,BR,1565244669,99,-3.1,-45.04,69.58,2.3
402,roebourne,1,AU,1565244669,15,-20.77,117.15,79.84,12.59
403,zyryanskoye,100,RU,1565244670,44,56.83,86.62,82.36,5.91
404,wagar,64,US,1565244670,91,31.44,-87.99,80.01,3.58
405,liepaja,100,LV,1565244670,100,56.52,21.02,60.8,1.12
406,yelovo,84,RU,1565244670,74,57.05,54.92,56.26,13.31
407,paamiut,100,GL,1565244671,99,61.99,-49.67,39.16,0.47
408,jinji,28,CN,1565244671,62,22.16,112.49,91.99,4.29
409,aswan,0,EG,1565244671,28,24.09,32.9,86.0,5.82
410,kumano,75,JP,1565244671,52,34.34,132.59,89.6,5.82
411,kungurtug,96,RU,1565244672,63,50.6,97.53,70.48,0.87
412,manzhouli,100,CN,1565244672,93,49.6,117.43,59.14,9.64
413,midyat,0,TR,1565244672,38,37.42,41.36,91.4,5.82
414,ekhabi,30,RU,1565244673,74,53.51,142.97,58.24,13.62
415,moroni,0,GR,1565244673,54,35.09,24.92,82.99,3.36
416,porto novo,0,BR,1565244673,82,-23.68,-45.44,62.6,2.24
417,tambilil,75,PH,1565244674,70,5.96,124.67,86.0,6.93
418,de aar,0,ZA,1565244674,71,-30.65,24.01,39.34,3.15
419,floro,75,NO,1565244674,93,61.6,5.03,60.8,5.82
420,wahiawa,75,US,1565244675,74,21.5,-158.02,82.4,3.18
421,klyuchi,0,RU,1565244675,32,52.25,79.17,76.96,12.53
422,dingle,100,PH,1565244675,81,11.0,122.67,81.1,20.69
423,turinsk,65,RU,1565244675,62,58.04,63.7,58.96,11.39
424,moron,94,HT,1565244676,79,18.56,-74.26,81.28,1.3
425,batagay,50,RU,1565244676,46,67.65,134.64,70.84,2.95
426,kahramanmaras,0,TR,1565244673,47,37.58,36.93,75.2,2.24
427,lahan,94,NP,1565244676,52,26.71,86.48,90.82,22.35
428,abay,0,KZ,1565244677,33,49.63,72.87,75.2,6.71
429,yarim,45,YE,1565244677,58,14.3,44.38,74.08,2.46
430,soyo,75,AO,1565244677,94,-6.13,12.37,71.6,3.36
431,linhares,56,BR,1565244678,94,-19.38,-40.06,65.44,0.98
432,hamilton,5,CA,1565244396,93,43.26,-79.87,71.6,6.93
433,husavik,21,CA,1565244678,67,50.56,-96.99,57.0,5.99
434,morondava,0,MG,1565244678,49,-20.3,44.28,72.82,10.94
435,luangwa,0,MZ,1565244679,37,-15.62,30.4,71.02,2.82
436,gali,0,GE,1565244679,58,42.63,41.74,68.32,3.69
437,solwezi,0,ZM,1565244679,34,-12.18,26.4,65.8,7.52
438,noyabrsk,12,RU,1565244680,60,63.2,75.45,62.92,15.3
439,cockburn town,100,TC,1565244680,81,21.46,-71.14,82.54,18.75
440,puerto narino,0,CO,1565244680,94,-3.77,-70.38,75.2,1.92
441,douglas,75,US,1565244680,55,58.28,-134.39,66.2,8.05
442,erenhot,45,CN,1565244681,34,43.65,111.97,75.7,5.37
443,sisimiut,86,GL,1565244681,84,66.94,-53.67,42.4,6.44
444,puerto armuelles,92,PA,1565244682,95,8.27,-82.86,73.36,2.17
445,north bend,90,US,1565244682,87,43.41,-124.22,62.01,4.38
446,kalmunai,100,LK,1565244682,63,7.42,81.82,82.36,4.05
447,toora-khem,90,RU,1565244683,57,52.47,96.11,73.54,6.46
448,isangel,40,VU,1565244683,78,-19.55,169.27,80.6,5.82
449,mount gambier,75,AU,1565244435,93,-37.83,140.78,46.4,18.34
450,derzhavinsk,3,KZ,1565244684,39,51.1,66.31,69.94,14.16
451,pruhonice,0,CZ,1565244684,88,50.0,14.55,64.4,11.41
452,nosy varika,0,MG,1565244684,56,-20.58,48.53,69.76,3.11
453,saint-gaudens,20,FR,1565244685,88,43.11,0.72,70.0,6.93
454,pinczow,91,PL,1565244685,99,50.52,20.53,68.0,8.01
455,mackay,90,CA,1565244685,100,53.65,-115.58,57.2,2.24
456,kaniama,0,CD,1565244685,35,-7.57,24.18,77.5,0.51
457,abu kamal,0,SY,1565244686,32,34.45,40.92,86.32,18.34
458,verkhnyaya inta,100,RU,1565244686,94,65.99,60.32,49.06,16.96
459,balaghat,100,IN,1565244686,90,21.81,80.19,78.94,5.95
460,ambanja,20,MG,1565244687,88,-13.68,48.45,73.4,7.7
461,bodden town,2,KY,1565244687,86,19.28,-81.25,82.99,3.0
462,chacaltianguis,9,MX,1565244687,81,18.3,-95.84,82.0,4.09
463,nioro,31,GM,1565244687,76,13.79,-15.05,74.44,3.4
464,tignere,100,CM,1565244688,99,7.37,12.65,65.62,2.15
465,general roca,0,AR,1565244590,51,-39.03,-67.58,32.0,5.68
466,coihaique,0,CL,1565244688,80,-45.58,-72.07,33.8,4.7
467,dzierzoniow,0,PL,1565244689,82,50.73,16.65,64.99,12.75
468,kamenka,67,MD,1565244689,70,48.03,28.7,72.0,4.0
469,kamphaeng phet,86,TH,1565244690,69,16.47,99.53,86.14,4.72
470,sept-iles,75,CA,1565244690,93,50.2,-66.38,60.01,6.93
471,sibu,75,MY,1565244690,66,2.29,111.83,87.8,5.82
472,vikhorevka,0,RU,1565244691,39,56.12,101.17,78.8,2.24
473,kologriv,0,RU,1565244691,65,58.83,44.31,59.32,3.2
474,mobaye,97,CF,1565244691,93,4.33,21.18,70.48,1.61
475,dakar,0,SN,1565244692,78,14.69,-17.45,77.0,4.7
476,sao jose da coroa grande,10,BR,1565244692,96,-8.9,-35.15,68.68,3.91
477,port moresby,40,PG,1565244692,78,-9.47,147.16,82.4,14.99
478,diffa,47,NE,1565244693,75,13.32,12.61,78.76,15.03
479,mamallapuram,75,IN,1565244693,53,12.63,80.17,95.0,11.41
480,portsmouth,0,GB,1565244694,87,50.8,-1.08,57.99,2.24
481,bandarbeyla,68,SO,1565244694,44,9.49,50.81,87.04,34.4
482,newport,40,GB,1565244477,87,51.59,-3.0,59.0,4.7
483,salym,29,RU,1565244694,60,60.06,71.48,62.2,9.42
484,callaway,1,US,1565244695,71,46.98,-95.91,57.2,4.7
485,luzhou,31,CN,1565244695,60,28.89,105.45,89.74,5.68
486,ugoofaaru,98,MV,1565244695,77,5.67,73.0,84.16,16.62
487,altay,0,CN,1565244695,32,47.83,88.13,73.0,5.88
488,fortuna,90,US,1565244696,93,40.6,-124.16,61.0,5.82
489,porosozero,25,RU,1565244696,55,62.72,32.71,57.52,3.91
490,pacific grove,40,US,1565244696,77,36.62,-121.92,62.01,5.82
491,aykhal,40,RU,1565244697,33,65.95,111.51,71.6,6.71
492,puerto madryn,0,AR,1565244697,52,-42.77,-65.04,40.42,10.0
493,novo oriente,54,BR,1565244697,73,-5.54,-40.77,66.52,9.51
494,ajaccio,0,FR,1565244572,78,41.93,8.74,78.8,2.24
495,palu,82,ID,1565244698,69,-0.9,119.87,83.08,6.93
496,bay roberts,90,CA,1565244698,100,47.58,-53.28,55.99,5.82
497,sopur,1,IN,1565244698,46,34.3,74.47,81.64,3.18
498,dezhou,0,CN,1565244698,52,37.45,116.31,90.1,4.34
499,narragansett,75,US,1565244699,94,41.45,-71.45,75.2,14.99
500,tarko-sale,0,RU,1565244699,59,64.92,77.78,66.99,14.52
501,burgeo,96,CA,1565244699,90,47.61,-57.61,61.84,1.74
502,kuito,83,AO,1565244700,49,-12.38,16.94,60.94,3.58
503,arusha,75,TZ,1565244700,100,-3.37,36.69,68.0,11.12
504,labuan,75,BN,1565244610,66,5.28,115.24,87.8,10.29
505,nizwa,0,OM,1565244700,15,22.93,57.53,99.46,3.36
506,weligama,100,LK,1565244701,82,5.97,80.42,83.08,17.63
507,mirzapur,75,IN,1565244701,83,25.15,82.57,82.4,14.99
508,tuhian,100,PH,1565244701,75,13.65,122.22,83.98,20.45
509,zhireken,1,RU,1565244702,27,52.82,117.29,78.4,6.17
510,youhao,100,CN,1565244702,92,47.86,128.84,60.94,4.29
511,mehamn,75,NO,1565244702,87,71.03,27.85,46.4,8.05
512,algiers,1,US,1565244702,100,29.94,-90.04,84.2,3.36
513,athni,97,IN,1565244703,69,16.73,75.07,79.84,32.64
514,mongoumba,100,CD,1565244703,95,3.64,18.59,70.48,4.76
515,boa esperanca,52,BR,1565244703,98,-1.91,-60.0,70.12,2.68
516,ishigaki,75,JP,1565244704,94,24.34,124.16,82.4,31.09
517,alghero,20,IT,1565244704,94,40.56,8.32,77.0,6.4
518,qaqortoq,97,GL,1565244704,81,60.72,-46.03,42.8,4.7
519,montepuez,47,MZ,1565244705,55,-13.13,39.0,73.0,2.55
520,prainha,5,BR,1565244705,81,-1.8,-53.48,72.28,2.66
521,lorengau,19,PG,1565244705,63,-2.02,147.27,85.06,1.12
522,rassvet,69,RU,1565244706,44,49.11,45.47,73.0,10.22
523,santona,40,ES,1565244706,94,43.44,-3.46,75.0,1.12
524,samana,44,EC,1565244706,85,0.12,-76.97,65.26,0.89
525,simpang,100,ID,1565244706,71,4.36,96.17,85.06,4.7
526,atasu,0,KZ,1565244707,23,48.68,71.64,76.42,9.28
527,ust-nera,8,RU,1565244707,32,64.57,143.24,64.18,10.07
528,bourg-en-bresse,75,FR,1565244707,100,46.21,5.22,64.99,1.12
529,japura,100,ID,1565244708,42,-0.42,102.29,93.16,4.61
530,korcula,0,HR,1565244708,82,42.96,17.14,66.2,2.24
531,midland,1,US,1565244565,38,32.0,-102.08,89.6,11.41
532,hovd,75,NO,1565244709,93,63.83,10.7,59.0,10.29
533,la ronge,5,CA,1565244709,81,55.1,-105.3,51.8,4.7
534,mchinji,0,MW,1565244709,42,-13.8,32.89,67.96,5.95
535,chipinge,0,ZW,1565244710,27,-20.19,32.62,73.0,3.04
536,necochea,0,AR,1565244710,96,-38.55,-58.74,33.01,6.17
537,ust-kuyga,58,RU,1565244710,45,70.0,135.55,69.4,6.33
538,pervoye maya,0,KG,1565244710,16,40.63,73.68,87.04,4.61
539,arzgir,0,RU,1565244711,33,45.37,44.21,79.84,8.5
540,hukuntsi,0,BW,1565244711,27,-23.98,21.76,48.16,6.85
541,shu,0,KZ,1565244711,10,43.6,73.76,94.78,6.24
